{
  "timestamp": "2026-04-21T08:37:01.654778",
  "dataset": {
    "renewable_capacity_mw": 132379.09999999998,
    "total_gpus": 10412
  },
  "scenario": {
    "renewable_range_mw": [
      292.87938874634733,
      570.7673727359394
    ],
    "load_range_mw": [
      210.2116892980042,
      457.7332232986416
    ]
  },
  "results": {
    "Rule-based": {
      "cost": 164.69812689438518,
      "renewable_rate": 76.83667157468884,
      "carbon": 0.08703830326646056
    },
    "Greedy": {
      "cost": 157.68787599195065,
      "renewable_rate": 77.6282556819112,
      "carbon": 0.08365001533028386
    },
    "MPC": {
      "cost": 177.6562968676305,
      "renewable_rate": 78.05729079762467,
      "carbon": 0.09330141875352913
    },
    "PPO": {
      "cost": 125.49368110715436,
      "renewable_rate": 66.05598729060769,
      "carbon": 0.06239455849762155
    }
  }
}