{
  "timestamp": "2026-04-21T09:55:11.683728",
  "config": {
    "state_dim": 5,
    "action_dim": 2,
    "hidden_dim": 64,
    "lr": 0.0003,
    "gamma": 0.99,
    "gae_lambda": 0.95,
    "clip_epsilon": 0.2,
    "epochs": 10,
    "batch_size": 32
  },
  "training": {
    "episodes": 500,
    "final_avg_cost": 16.681193869418593,
    "final_avg_renewable": 100.0
  },
  "test": {
    "cost": 16.755681544273273,
    "carbon": 11.023228465587714,
    "renewable_rate": 100.0
  }
}