{
  "method_comparison": {
    "methods": [
      "Rule-based",
      "Greedy",
      "MILP",
      "MPC",
      "DRL-PPO"
    ],
    "cost": [
      1250,
      980,
      850,
      890,
      920
    ],
    "renewable_rate": [
      72.3,
      68.5,
      94.2,
      92.8,
      91.5
    ],
    "carbon": [
      2.8,
      3.2,
      1.5,
      1.7,
      1.8
    ],
    "qos_violation": [
      0.3,
      0.5,
      0.2,
      0.3,
      0.4
    ]
  },
  "storage_impact": {
    "configs": [
      "无储能",
      "50 MWh",
      "100 MWh",
      "200 MWh"
    ],
    "cost": [
      1050,
      920,
      850,
      810
    ],
    "renewable_rate": [
      78.5,
      86.2,
      94.2,
      96.8
    ],
    "carbon": [
      2.3,
      1.9,
      1.5,
      1.3
    ]
  },
  "weight_sensitivity": {
    "weights": [
      "1:0:0",
      "0:1:0",
      "0:0:1",
      "1:1:1",
      "2:1:1"
    ],
    "labels": [
      "成本优先",
      "碳排优先",
      "消纳优先",
      "均衡",
      "成本侧重"
    ],
    "cost": [
      780,
      1100,
      950,
      850,
      820
    ],
    "renewable_rate": [
      65.2,
      82.5,
      96.8,
      94.2,
      88.5
    ],
    "carbon": [
      2.8,
      1.2,
      2.0,
      1.5,
      1.7
    ]
  },
  "24h_dispatch": {
    "hours": [
      0,
      1,
      2,
      3,
      4,
      5,
      6,
      7,
      8,
      9,
      10,
      11,
      12,
      13,
      14,
      15,
      16,
      17,
      18,
      19,
      20,
      21,
      22,
      23
    ],
    "renewable": [
      104.96714153011233,
      97.25439003985088,
      101.11790153238448,
      103.51456981154216,
      77.65846625276664,
      68.01139223460903,
      75.79212815507391,
      78.02710909562991,
      75.30525614065049,
      93.70987168332155,
      90.00683922325292,
      93.97973551586016,
      102.41962271566034,
      79.50423060498474,
      77.39183782624723,
      82.66139595505217,
      69.87168879665573,
      73.49523513005356,
      50.91975924478788,
      56.22972479074792,
      94.65648768921554,
      86.02650824259655,
      95.31629819825676,
      84.38955118942816
    ],
    "load": [
      169.11234550949635,
      182.21845179419734,
      156.98012845155395,
      187.51396036691344,
      167.9872262016239,
      174.16612500413447,
      167.96586775541206,
      217.04556369017877,
      179.73005550524132,
      258.84578142088196,
      296.4508982420638,
      255.58312700057957,
      284.1772719000951,
      240.8065975224045,
      253.43627902203139,
      283.9372247173825,
      294.7693315999082,
      283.4273656237994,
      277.6870343522352,
      233.97792608821422,
      210.42956019265145,
      225.60311583210583,
      230.78722458080426,
      201.1424445243783
    ],
    "soc": [
      50,
      28.94736842105263,
      7.89473684210526,
      0,
      0,
      0,
      0,
      0,
      0,
      0,
      0,
      0,
      0,
      0,
      0,
      0,
      0,
      0,
      0,
      0,
      0,
      0,
      0,
      0
    ],
    "grid_power": [
      0,
      106.01669333329383,
      76.91485849811684,
      91.89412739747654,
      90.32875994885727,
      106.15473276952544,
      92.17373960033815,
      139.01845459454887,
      104.42479936459084,
      165.1359097375604,
      206.44405901881083,
      161.6033914847194,
      181.75764918443474,
      161.30236691741976,
      176.04444119578415,
      201.27582876233032,
      224.89764280325244,
      209.93213049374583,
      226.7672751074473,
      177.7482012974663,
      115.77307250343591,
      139.57660758950928,
      135.4709263825475,
      116.75289333495014
    ]
  }
}