{
  "baseline": {
    "success": true,
    "coal": [
      11.986056499227999,
      10.754702127040446,
      9.800605510202985,
      28.012585181868587,
      2.8290201589005903,
      71.30084801143545,
      63.63711013863677,
      70.91437639094032,
      35.314962119478196,
      197.87282836894374,
      181.48776299217224,
      203.36810274637358,
      136.15181922410227,
      181.36638258887746,
      149.59208094255138,
      191.8108071245961,
      216.4959086507509,
      182.19929941101034,
      179.44457692400744,
      143.00775789784763,
      128.19946778491794,
      141.09126233124465,
      97.15999760497597,
      24.270956636907556
    ],
    "gas": [
      0.0,
      0.0,
      0.0,
      0.0,
      0.0,
      0.0,
      0.0,
      0.0,
      0.0,
      0.0,
      0.0,
      0.0,
      0.0,
      0.0,
      0.0,
      0.0,
      0.0,
      0.0,
      0.0,
      0.0,
      0.0,
      0.0,
      0.0,
      0.0
    ],
    "grid": [
      0.0,
      0.0,
      0.0,
      0.0,
      0.0,
      0.0,
      0.0,
      0.0,
      0.0,
      0.0,
      0.0,
      0.0,
      0.0,
      0.0,
      0.0,
      0.0,
      0.0,
      0.0,
      0.0,
      0.0,
      0.0,
      0.0,
      0.0,
      0.0
    ],
    "charge": [
      0,
      0,
      0,
      0,
      0,
      0,
      0,
      0,
      0,
      0,
      0,
      0,
      0,
      0,
      0,
      0,
      0,
      0,
      0,
      0,
      0,
      0,
      0,
      0
    ],
    "discharge": [
      0,
      0,
      0,
      0,
      0,
      0,
      0,
      0,
      0,
      0,
      0,
      0,
      0,
      0,
      0,
      0,
      0,
      0,
      0,
      0,
      0,
      0,
      0,
      0
    ],
    "cost": 0.7974207832101033,
    "renewable_rate": 100.0,
    "carbon": 2.2593588857619586,
    "renewable": [
      152.9288102356395,
      143.04472761852134,
      138.32701972697686,
      135.11720035701046,
      142.41743227265647,
      93.79401377760908,
      104.14296545169607,
      90.62962041720685,
      128.3331189234222,
      109.01998840491936,
      112.16762617485995,
      105.9727492334624,
      135.45194196917225,
      122.05593294653272,
      134.31588455016487,
      115.83988097165516,
      103.82225272769841,
      94.55282988631424,
      95.41347270262531,
      88.54036911598614,
      124.23027845170917,
      108.52210985326623,
      125.4065696315149,
      148.97927674176296
    ],
    "load": [
      164.9148667348675,
      153.79942974556178,
      148.12762523717984,
      163.12978553887905,
      145.24645243155706,
      165.09486178904453,
      167.78007559033284,
      161.54399680814717,
      163.6480810429004,
      306.8928167738631,
      293.6553891670322,
      309.340851979836,
      271.6037611932745,
      303.4223155354102,
      283.90796549271624,
      307.65068809625126,
      320.3181613784493,
      276.7521292973246,
      274.85804962663275,
      231.54812701383378,
      252.42974623662712,
      249.6133721845109,
      222.56656723649087,
      173.25023337867052
    ]
  },
  "milp": {
    "success": true,
    "coal": [
      0.0,
      0.0,
      0.0,
      0.0,
      2.8290201589005903,
      51.30084801143545,
      0.0,
      0.0,
      0.0,
      20.0,
      161.48776299217224,
      0.0,
      0.0,
      0.0,
      20.0,
      171.8108071245961,
      0.0,
      0.0,
      0.0,
      20.0,
      108.19946778491794,
      0.0,
      0.0,
      0.0
    ],
    "gas": [
      11.986056499227999,
      0.0,
      0.0,
      0.0,
      0.0,
      20.0,
      43.63711013863677,
      0.0,
      0.0,
      0.0,
      20.0,
      183.36810274637358,
      0.0,
      0.0,
      0.0,
      20.0,
      196.4959086507509,
      0.0,
      0.0,
      0.0,
      20.0,
      121.09126233124465,
      0.0,
      0.0
    ],
    "grid": [
      0.0,
      10.754702127040446,
      9.800605510202985,
      8.012585181868587,
      0.0,
      0.0,
      20.0,
      70.91437639094032,
      15.314962119478196,
      0.0,
      0.0,
      20.0,
      136.15181922410227,
      161.36638258887746,
      0.0,
      0.0,
      20.0,
      182.19929941101034,
      159.44457692400744,
      0.0,
      0.0,
      20.0,
      97.15999760497597,
      4.270956636907556
    ],
    "charge": [
      0.0,
      0.0,
      0.0,
      0.0,
      0.0,
      0.0,
      0.0,
      0.0,
      0.0,
      0.0,
      0.0,
      0.0,
      0.0,
      0.0,
      0.0,
      0.0,
      0.0,
      0.0,
      0.0,
      0.0,
      0.0,
      0.0,
      0.0,
      0.0
    ],
    "discharge": [
      0.0,
      0.0,
      0.0,
      20.0,
      0.0,
      0.0,
      0.0,
      0.0,
      20.0,
      177.87282836894374,
      0.0,
      0.0,
      0.0,
      20.0,
      129.59208094255138,
      0.0,
      0.0,
      0.0,
      20.0,
      123.00775789784763,
      0.0,
      0.0,
      0.0,
      20.0
    ],
    "cost": 0.7634317422647803,
    "renewable_rate": 100.0,
    "carbon": 1.301270371283283,
    "renewable": [
      152.9288102356395,
      143.04472761852134,
      138.32701972697686,
      135.11720035701046,
      142.41743227265647,
      93.79401377760908,
      104.14296545169607,
      90.62962041720685,
      128.3331189234222,
      109.01998840491936,
      112.16762617485995,
      105.9727492334624,
      135.45194196917225,
      122.05593294653272,
      134.31588455016487,
      115.83988097165516,
      103.82225272769841,
      94.55282988631424,
      95.41347270262531,
      88.54036911598614,
      124.23027845170917,
      108.52210985326623,
      125.4065696315149,
      148.97927674176296
    ],
    "load": [
      164.9148667348675,
      153.79942974556178,
      148.12762523717984,
      163.12978553887905,
      145.24645243155706,
      165.09486178904453,
      167.78007559033284,
      161.54399680814717,
      163.6480810429004,
      306.8928167738631,
      293.6553891670322,
      309.340851979836,
      271.6037611932745,
      303.4223155354102,
      283.90796549271624,
      307.65068809625126,
      320.3181613784493,
      276.7521292973246,
      274.85804962663275,
      231.54812701383378,
      252.42974623662712,
      249.6133721845109,
      222.56656723649087,
      173.25023337867052
    ]
  },
  "rl": {
    "success": true,
    "coal": [
      0.0,
      0.0,
      0,
      0.0,
      0,
      0.0,
      0.0,
      0.0,
      0.0,
      0.0,
      0.0,
      0.0,
      0.0,
      0.0,
      0.0,
      0.0,
      0.0,
      0.0,
      0.0,
      0.0,
      0.0,
      0.0,
      0.0,
      0.0
    ],
    "gas": [
      0.0,
      0.0,
      0,
      0.0,
      0,
      0.0,
      0.0,
      0.0,
      0.0,
      0.0,
      0.0,
      0.0,
      0.0,
      0.0,
      0.0,
      0.0,
      0.0,
      0.0,
      0.0,
      0.0,
      0.0,
      0.0,
      0.0,
      0.0
    ],
    "grid": [
      0.0,
      0.0,
      0,
      0.0,
      0,
      0.0,
      0.0,
      0.0,
      0.0,
      0.0,
      0.0,
      0.0,
      0.0,
      0.0,
      0.0,
      0.0,
      0.0,
      0.0,
      0.0,
      0.0,
      0.0,
      0.0,
      0.0,
      0.0
    ],
    "charge": [
      20,
      20,
      0,
      20,
      0,
      20,
      0,
      20,
      0,
      0,
      0,
      20,
      20,
      1.2742382271468207,
      0.0,
      0.0,
      0.0,
      0,
      0,
      0,
      0,
      0,
      0,
      20
    ],
    "discharge": [
      0,
      0,
      20,
      0,
      20,
      0,
      20,
      0,
      20,
      0,
      0,
      0,
      0,
      0,
      0,
      0,
      0,
      20,
      0,
      0,
      0,
      0,
      20,
      0
    ],
    "cost": 0.0,
    "renewable_rate": 100.0,
    "carbon": 0.0,